{
  "version": 1,
  "multipliers": {
    "hp": [
      "1.25",
      "1.25",
      "1.25",
      "1.25",
      "1.25",
      "1.25",
      "1.25",
      "1.25"
    ],
    "atk": [
      "1.25",
      "1.25",
      "1.25",
      "1.25",
      "1.25",
      "1.25",
      "1.25",
      "1.25"
    ],
    "def": [
      "1.25",
      "1.25",
      "1.25",
      "1.25",
      "1.25",
      "1.25",
      "1.25",
      "1.25"
    ],
    "trt": [
      "1.25",
      "1.25",
      "1.25",
      "1.25",
      "1.25",
      "1.25",
      "1.25",
      "1.25"
    ]
  },
  "manual": {
    "HP": {
      "0": "87"
    },
    "SPD1": {
      "0": "30"
    },
    "BBR": {
      "0": "30"
    },
    "MLA": {
      "0": "15"
    },
    "RAA": {
      "0": "12",
      "1": "14",
      "2": "18",
      "3": "22",
      "4": "28",
      "5": "35",
      "6": "44",
      "7": "55",
      "8": "69"
    },
    "MAA": {
      "0": "15"
    },
    "SPA": {
      "0": "12",
      "1": "14",
      "2": "18",
      "3": "22",
      "4": "28",
      "5": "35",
      "6": "47",
      "7": "55",
      "8": "69"
    },
    "MLD": {
      "0": "3"
    },
    "HEAL": {
      "0": "0"
    },
    "RAD": {
      "0": "3"
    },
    "MAD": {
      "0": "3"
    },
    "SPD2": {
      "0": "3"
    },
    "EVA": {
      "0": "5"
    },
    "FX": {
      "0": "12",
      "1": "14",
      "2": "17",
      "3": "23",
      "4": "29",
      "5": "35",
      "6": "45",
      "7": "54",
      "8": "68"
    },
    "CRG": {
      "0": "1",
      "1": "1",
      "2": "1",
      "3": "1",
      "4": "1",
      "5": "1",
      "6": "1",
      "7": "1",
      "8": "1"
    },
    "AGG": {
      "0": "1"
    },
    "ALY": {
      "0": "1"
    },
    "INT": {
      "0": "1"
    }
  },
  "computed": {
    "HP": [
      87,
      109,
      136,
      170,
      213,
      266,
      333,
      416,
      520
    ],
    "SPD1": [
      30,
      30,
      30,
      30,
      30,
      30,
      30,
      30,
      30
    ],
    "BBR": [
      30,
      30,
      30,
      30,
      30,
      30,
      30,
      30,
      30
    ],
    "MLA": [
      15,
      19,
      24,
      30,
      38,
      48,
      60,
      75,
      94
    ],
    "RAA": [
      12,
      14,
      18,
      22,
      28,
      35,
      44,
      55,
      69
    ],
    "MAA": [
      15,
      19,
      24,
      30,
      38,
      48,
      60,
      75,
      94
    ],
    "SPA": [
      12,
      14,
      18,
      22,
      28,
      35,
      47,
      55,
      69
    ],
    "HEAL": [
      0,
      0,
      0,
      0,
      0,
      0,
      0,
      0,
      0
    ],
    "MLD": [
      3,
      4,
      5,
      6,
      8,
      10,
      13,
      16,
      20
    ],
    "RAD": [
      3,
      4,
      5,
      6,
      8,
      10,
      13,
      16,
      20
    ],
    "MAD": [
      3,
      4,
      5,
      6,
      8,
      10,
      13,
      16,
      20
    ],
    "SPD2": [
      3,
      4,
      5,
      6,
      8,
      10,
      13,
      16,
      20
    ],
    "EVA": [
      5,
      6,
      8,
      10,
      13,
      16,
      20,
      25,
      31
    ],
    "CRG": [
      1,
      1,
      1,
      1,
      1,
      1,
      1,
      1,
      1
    ],
    "INT": [
      1,
      1,
      1,
      1,
      1,
      1,
      1,
      1,
      1
    ],
    "AGG": [
      1,
      1,
      1,
      1,
      1,
      1,
      1,
      1,
      1
    ],
    "ALY": [
      1,
      1,
      1,
      1,
      1,
      1,
      1,
      1,
      1
    ],
    "FX": [
      12,
      14,
      17,
      23,
      29,
      35,
      45,
      54,
      68
    ]
  },
  "derived": {
    "OFF_SUM": [
      54,
      66,
      84,
      104,
      132,
      166,
      211,
      260,
      326
    ],
    "OFF_TOP": [
      "MLA",
      "MLA",
      "MLA",
      "MLA",
      "MLA",
      "MLA",
      "MLA",
      "MLA",
      "MLA"
    ],
    "DEF_SUM": [
      12,
      16,
      20,
      24,
      32,
      40,
      52,
      64,
      80
    ],
    "DEF_TOP": [
      "MLD",
      "MLD",
      "MLD",
      "MLD",
      "MLD",
      "MLD",
      "MLD",
      "MLD",
      "MLD"
    ],
    "ROW_TOTAL": [
      234,
      275,
      329,
      395,
      483,
      587,
      725,
      883,
      1089
    ]
  }
}