{
  "version": 1,
  "multipliers": {
    "hp": [
      "1.25",
      "1.25",
      "1.25",
      "1.25",
      "1.25",
      "1.25",
      "1.25",
      "1.25"
    ],
    "atk": [
      "1.25",
      "1.25",
      "1.25",
      "1.25",
      "1.25",
      "1.25",
      "1.25",
      "1.25"
    ],
    "def": [
      "1.25",
      "1.25",
      "1.25",
      "1.25",
      "1.25",
      "1.25",
      "1.25",
      "1.25"
    ],
    "trt": [
      "1.25",
      "1.25",
      "1.25",
      "1.25",
      "1.25",
      "1.25",
      "1.25",
      "1.25"
    ]
  },
  "manual": {
    "MLA": {
      "0": "15",
      "3": "50",
      "4": "64"
    },
    "RAA": {
      "0": "15",
      "4": "30",
      "5": "30",
      "6": "30",
      "7": "30",
      "8": "30"
    },
    "SPA": {
      "0": "30",
      "1": "30",
      "2": "30",
      "3": "30",
      "4": "60",
      "5": "60",
      "6": "60",
      "7": "90",
      "8": "90"
    },
    "HEAL": {
      "0": "0"
    },
    "MLD": {
      "0": "4",
      "4": "8",
      "6": "16",
      "8": "26"
    },
    "EVA": {
      "0": "5",
      "8": "32"
    },
    "CRG": {
      "0": "5",
      "5": "13",
      "6": "13",
      "7": "13",
      "8": "13"
    },
    "AGG": {
      "0": "5"
    },
    "RAD": {
      "0": "4",
      "8": "28"
    },
    "MAD": {
      "0": "4",
      "8": "27"
    },
    "SPD2": {
      "0": "4",
      "8": "27"
    },
    "HP": {
      "0": "85",
      "5": "261",
      "7": "410",
      "8": "516"
    },
    "SPD1": {
      "0": "30"
    },
    "BBR": {
      "0": "30"
    },
    "FX": {
      "7": "50",
      "8": "50"
    }
  },
  "computed": {
    "HP": [
      85,
      106,
      133,
      166,
      208,
      261,
      326,
      410,
      516
    ],
    "SPD1": [
      30,
      30,
      30,
      30,
      30,
      30,
      30,
      30,
      30
    ],
    "BBR": [
      30,
      30,
      30,
      30,
      30,
      30,
      30,
      30,
      30
    ],
    "MLA": [
      15,
      19,
      24,
      50,
      64,
      80,
      100,
      125,
      156
    ],
    "RAA": [
      15,
      19,
      24,
      30,
      30,
      30,
      30,
      30,
      30
    ],
    "MAA": [
      null,
      null,
      null,
      null,
      null,
      null,
      null,
      null,
      null
    ],
    "SPA": [
      30,
      30,
      30,
      30,
      60,
      60,
      60,
      90,
      90
    ],
    "HEAL": [
      0,
      0,
      0,
      0,
      0,
      0,
      0,
      0,
      0
    ],
    "MLD": [
      4,
      5,
      6,
      8,
      8,
      10,
      16,
      20,
      26
    ],
    "RAD": [
      4,
      5,
      6,
      8,
      10,
      13,
      16,
      20,
      28
    ],
    "MAD": [
      4,
      5,
      6,
      8,
      10,
      13,
      16,
      20,
      27
    ],
    "SPD2": [
      4,
      5,
      6,
      8,
      10,
      13,
      16,
      20,
      27
    ],
    "EVA": [
      5,
      6,
      8,
      10,
      13,
      16,
      20,
      25,
      32
    ],
    "CRG": [
      5,
      6,
      8,
      10,
      13,
      13,
      13,
      13,
      13
    ],
    "INT": [
      null,
      null,
      null,
      null,
      null,
      null,
      null,
      null,
      null
    ],
    "AGG": [
      5,
      6,
      8,
      10,
      13,
      16,
      20,
      25,
      31
    ],
    "ALY": [
      null,
      null,
      null,
      null,
      null,
      null,
      null,
      null,
      null
    ],
    "FX": [
      null,
      null,
      null,
      null,
      null,
      null,
      null,
      50,
      50
    ]
  },
  "derived": {
    "OFF_SUM": [
      60,
      68,
      78,
      110,
      154,
      170,
      190,
      245,
      276
    ],
    "OFF_TOP": [
      "SPA",
      "SPA",
      "SPA",
      "MLA",
      "MLA",
      "MLA",
      "MLA",
      "MLA",
      "MLA"
    ],
    "DEF_SUM": [
      16,
      20,
      24,
      32,
      38,
      49,
      64,
      80,
      108
    ],
    "DEF_TOP": [
      "MLD",
      "MLD",
      "MLD",
      "MLD",
      "RAD",
      "RAD",
      "MLD",
      "MLD",
      "RAD"
    ],
    "ROW_TOTAL": [
      236,
      272,
      319,
      398,
      499,
      585,
      693,
      908,
      1086
    ]
  }
}